"_id","_labels","Betweenness_2008-31-12","Betweenness_2009-31-12","Betweenness_2010-31-12","Betweenness_2011-31-12","Betweenness_2012-31-12","Betweenness_2013-31-12","Betweenness_2014-31-12","Betweenness_2015-31-12","Betweenness_2016-31-12","Betweenness_2017-31-12","Betweenness_2018-31-12","Betweenness_2019-31-12","Betweenness_2020-31-12","Betweenness_2021-31-12","Betweenness_2022-31-12","Degree_2008-31-12","Degree_2009-31-12","Degree_2010-31-12","Degree_2011-31-12","Degree_2012-31-12","Degree_2013-31-12","Degree_2014-31-12","Degree_2015-31-12","Degree_2016-31-12","Degree_2017-31-12","Degree_2018-31-12","Degree_2019-31-12","Degree_2020-31-12","Degree_2021-31-12","Degree_2022-31-12","Eigenvector_2008-31-12","Eigenvector_2009-31-12","Eigenvector_2010-31-12","Eigenvector_2011-31-12","Eigenvector_2012-31-12","Eigenvector_2013-31-12","Eigenvector_2014-31-12","Eigenvector_2015-31-12","Eigenvector_2016-31-12","Eigenvector_2017-31-12","Eigenvector_2018-31-12","Eigenvector_2019-31-12","Eigenvector_2020-31-12","Eigenvector_2021-31-12","Eigenvector_2022-31-12","EmployeeID","EndOfContract","Louvain_2008-31-12","Louvain_2009-31-12","Louvain_2010-31-12","Louvain_2011-31-12","Louvain_2012-31-12","Louvain_2013-31-12","Louvain_2014-31-12","Louvain_2015-31-12","Louvain_2016-31-12","Louvain_2017-31-12","Louvain_2018-31-12","Louvain_2019-31-12","Louvain_2020-31-12","Louvain_2021-31-12","StartOfContract","_start","_end","_type"
"0",":Employee","0.0","0.0","0.0","0.0","0.0","0.0","0.0","0.0","0.0","0.0","0.0","0.0","0.0","0.0","0.0","0.0","0.0","5.0","13.0","22.0","33.0","43.0","0.0","0.0","0.0","0.0","0.0","0.0","0.0","0.0","0.09449111825230688","0.09449111825230688","0.408248290463863","0.2672612419124244","0.20851441405707474","0.1714985851425088","0.15075567228888184","5.232972504791774E-14","1.3684232616876188E-14","7.37102851225063E-15","4.963145260052937E-15","1.6940723530271484E-14","3.2908770599287566E-14","3.2908770599287566E-14","3.2908770599287566E-14","55","2014-01-31","0","0","1","1","1","1","1","0","0","0","0","0","0","0","2008-10-16",,,
"1",":Employee","0.0","0.0","0.0","0.0","0.0","0.0","0.0","0.0","0.0","0.0","0.0","0.0","0.0","0.0","0.0","0.0","0.0","5.0","13.0","22.0","33.0","43.0","0.0","0.0","0.0","0.0","0.0","0.0","0.0","0.0","0.09449111825230688","0.09449111825230688","0.408248290463863","0.2672612419124244","0.20851441405707474","0.1714985851425088","0.15075567228888184","5.232972504791774E-14","1.3684232616876188E-14","7.37102851225063E-15","4.963145260052937E-15","1.6940723530271484E-14","3.2908770599287566E-14","3.2908770599287566E-14","3.2908770599287566E-14","47","2014-09-15","1","1","1","1","1","1","1","1","1","1","1","1","1","1","2010-04-19",,,
"2",":Employee","0.0","0.0","0.0","0.0","0.0","0.0","0.0","0.0","0.0","0.0","0.0","0.0","0.0","0.0","0.0","0.0","0.0","5.0","13.0","22.0","33.0","43.0","47.0","53.0","56.0","58.0","52.0","49.0","49.0","49.0","0.09449111825230688","0.09449111825230688","0.408248290463863","0.2672612419124244","0.20851441405707474","0.1714985851425088","0.15075567228888184","0.14433756729740638","0.1360827634879544","0.13245323570650436","0.13018891098082389","0.137360563948689","0.1414213562373095","0.1414213562373095","0.1414213562373095","73","2022-07-21","2","2","1","1","1","1","1","4","4","4","4","4","4","4","2010-08-09",,,
"3",":Employee","0.0","0.0","0.0","0.0","0.0","0.0","0.0","0.0","0.0","0.0","0.0","0.0","0.0","0.0","0.0","0.0","0.0","5.0","13.0","22.0","33.0","0.0","0.0","0.0","0.0","0.0","0.0","0.0","0.0","0.0","0.09449111825230688","0.09449111825230688","0.408248290463863","0.2672612419124244","0.20851441405707474","0.1714985851425088","1.400677835228125E-13","5.232972504791774E-14","1.3684232616876188E-14","7.37102851225063E-15","4.963145260052937E-15","1.6940723530271484E-14","3.2908770599287566E-14","3.2908770599287566E-14","3.2908770599287566E-14","61","2013-04-30","3","3","1","1","1","1","3","3","3","3","3","3","3","3","2010-08-10",,,
"4",":Employee","0.0","0.0","0.0","0.0","0.0","0.0","0.0","0.0","0.0","0.0","0.0","0.0","0.0","0.0","0.0","0.0","0.0","5.0","13.0","22.0","33.0","43.0","47.0","53.0","56.0","58.0","52.0","49.0","49.0","49.0","0.09449111825230688","0.09449111825230688","0.408248290463863","0.2672612419124244","0.20851441405707474","0.1714985851425088","0.15075567228888184","0.14433756729740638","0.1360827634879544","0.13245323570650436","0.13018891098082389","0.137360563948689","0.1414213562373095","0.1414213562373095","0.1414213562373095","74","2022-07-21","4","4","1","1","1","1","1","4","4","4","4","4","4","4","2010-09-02",,,
"5",":Employee","0.0","0.0","0.0","0.0","0.0","0.0","0.0","0.0","0.0","0.0","0.0","0.0","0.0","0.0","0.0","0.0","0.0","5.0","13.0","22.0","33.0","0.0","0.0","0.0","0.0","0.0","0.0","0.0","0.0","0.0","0.09449111825230688","0.09449111825230688","0.408248290463863","0.2672612419124244","0.20851441405707474","0.1714985851425088","1.400677835228125E-13","5.232972504791774E-14","1.3684232616876188E-14","7.37102851225063E-15","4.963145260052937E-15","1.6940723530271484E-14","3.2908770599287566E-14","3.2908770599287566E-14","3.2908770599287566E-14","62","2013-04-10","5","5","1","1","1","1","5","5","5","5","5","5","5","5","2010-09-13",,,
"6",":Employee","0.0","0.0","0.0","0.0","0.0","0.0","0.0","0.0","0.0","0.0","0.0","0.0","0.0","0.0","0.0","0.0","0.0","0.0","13.0","22.0","33.0","43.0","0.0","0.0","0.0","0.0","0.0","0.0","0.0","0.0","0.09449111825230688","0.09449111825230688","2.302849118556591E-14","0.2672612419124244","0.20851441405707474","0.1714985851425088","0.15075567228888184","5.232972504791774E-14","1.3684232616876188E-14","7.37102851225063E-15","4.963145260052937E-15","1.6940723530271484E-14","3.2908770599287566E-14","3.2908770599287566E-14","3.2908770599287566E-14","51","2014-06-05","6","6","6","1","1","1","1","6","6","6","6","6","6","6","2011-01-11",,,
"7",":Employee","0.0","0.0","0.0","0.0","0.0","0.0","0.0","0.0","0.0","0.0","0.0","0.0","0.0","0.0","0.0","0.0","0.0","0.0","13.0","22.0","33.0","43.0","47.0","53.0","56.0","58.0","52.0","49.0","49.0","49.0","0.09449111825230688","0.09449111825230688","2.302849118556591E-14","0.2672612419124244","0.20851441405707474","0.1714985851425088","0.15075567228888184","0.14433756729740638","0.1360827634879544","0.13245323570650436","0.13018891098082389","0.137360563948689","0.1414213562373095","0.1414213562373095","0.1414213562373095","75","2022-07-21","7","7","7","1","1","1","1","4","4","4","4","4","4","4","2011-01-24",,,
"8",":Employee","0.0","0.0","0.0","0.0","0.0","0.0","0.0","0.0","0.0","0.0","0.0","0.0","0.0","0.0","0.0","0.0","0.0","0.0","13.0","22.0","33.0","43.0","0.0","0.0","0.0","0.0","0.0","0.0","0.0","0.0","0.09449111825230688","0.09449111825230688","2.302849118556591E-14","0.2672612419124244","0.20851441405707474","0.1714985851425088","0.15075567228888184","5.232972504791774E-14","1.3684232616876188E-14","7.37102851225063E-15","4.963145260052937E-15","1.6940723530271484E-14","3.2908770599287566E-14","3.2908770599287566E-14","3.2908770599287566E-14","41","2014-12-21","8","8","8","1","1","1","1","8","8","8","8","8","8","8","2011-02-07",,,
"9",":Employee","0.0","0.0","0.0","0.0","0.0","0.0","0.0","0.0","0.0","0.0","0.0","0.0","0.0","0.0","0.0","0.0","0.0","0.0","13.0","22.0","33.0","0.0","0.0","0.0","0.0","0.0","0.0","0.0","0.0","0.0","0.09449111825230688","0.09449111825230688","2.302849118556591E-14","0.2672612419124244","0.20851441405707474","0.1714985851425088","1.400677835228125E-13","5.232972504791774E-14","1.3684232616876188E-14","7.37102851225063E-15","4.963145260052937E-15","1.6940723530271484E-14","3.2908770599287566E-14","3.2908770599287566E-14","3.2908770599287566E-14","57","2013-10-17","9","9","9","1","1","1","9","9","9","9","9","9","9","9","2011-03-01",,,
"10",":Employee","0.0","0.0","0.0","0.0","0.0","0.0","0.0","0.0","0.0","0.0","0.0","0.0","0.0","0.0","0.0","0.0","0.0","0.0","13.0","22.0","33.0","43.0","47.0","53.0","0.0","0.0","0.0","0.0","0.0","0.0","0.09449111825230688","0.09449111825230688","2.302849118556591E-14","0.2672612419124244","0.20851441405707474","0.1714985851425088","0.15075567228888184","0.14433756729740638","0.1360827634879544","7.37102851225063E-15","4.963145260052937E-15","1.6940723530271484E-14","3.2908770599287566E-14","3.2908770599287566E-14","3.2908770599287566E-14","28","2016-05-28","10","10","10","1","1","1","1","4","4","10","10","10","10","10","2011-03-08",,,
"11",":Employee","0.0","0.0","0.0","0.0","0.0","0.0","0.0","0.0","0.0","0.0","0.0","0.0","0.0","0.0","0.0","0.0","0.0","0.0","13.0","22.0","0.0","0.0","0.0","0.0","0.0","0.0","0.0","0.0","0.0","0.0","0.09449111825230688","0.09449111825230688","2.302849118556591E-14","0.2672612419124244","0.20851441405707474","9.148173640730398E-19","1.400677835228125E-13","5.232972504791774E-14","1.3684232616876188E-14","7.37102851225063E-15","4.963145260052937E-15","1.6940723530271484E-14","3.2908770599287566E-14","3.2908770599287566E-14","3.2908770599287566E-14","64","2012-10-12","11","11","11","1","1","11","11","11","11","11","11","11","11","11","2011-03-08",,,
"12",":Employee","0.0","0.0","0.0","0.0","0.0","0.0","0.0","0.0","0.0","0.0","0.0","0.0","0.0","0.0","0.0","0.0","0.0","0.0","13.0","22.0","33.0","43.0","47.0","0.0","0.0","0.0","0.0","0.0","0.0","0.0","0.09449111825230688","0.09449111825230688","2.302849118556591E-14","0.2672612419124244","0.20851441405707474","0.1714985851425088","0.15075567228888184","0.14433756729740638","1.3684232616876188E-14","7.37102851225063E-15","4.963145260052937E-15","1.6940723530271484E-14","3.2908770599287566E-14","3.2908770599287566E-14","3.2908770599287566E-14","34","2015-12-10","12","12","12","1","1","1","1","4","12","12","12","12","12","12","2011-04-01",,,
"13",":Employee","0.0","0.0","0.0","0.0","0.0","0.0","0.0","0.0","0.0","0.0","0.0","0.0","0.0","0.0","0.0","0.0","0.0","0.0","13.0","22.0","33.0","43.0","0.0","0.0","0.0","0.0","0.0","0.0","0.0","0.0","0.09449111825230688","0.09449111825230688","2.302849118556591E-14","0.2672612419124244","0.20851441405707474","0.1714985851425088","0.15075567228888184","5.232972504791774E-14","1.3684232616876188E-14","7.37102851225063E-15","4.963145260052937E-15","1.6940723530271484E-14","3.2908770599287566E-14","3.2908770599287566E-14","3.2908770599287566E-14","52","2014-05-23","13","13","13","1","1","1","1","13","13","13","13","13","13","13","2011-07-11",,,
"14",":Employee","0.0","0.0","0.0","0.0","0.0","0.0","0.0","0.0","0.0","0.0","0.0","0.0","0.0","0.0","0.0","0.0","0.0","0.0","0.0","22.0","0.0","0.0","0.0","0.0","0.0","0.0","0.0","0.0","0.0","0.0","0.09449111825230688","0.09449111825230688","2.302849118556591E-14","1.1119367964048973E-12","0.20851441405707474","9.148173640730398E-19","1.400677835228125E-13","5.232972504791774E-14","1.3684232616876188E-14","7.37102851225063E-15","4.963145260052937E-15","1.6940723530271484E-14","3.2908770599287566E-14","3.2908770599287566E-14","3.2908770599287566E-14","63","2012-12-26","14","14","14","14","1","14","14","14","14","14","14","14","14","14","2012-01-09",,,
"15",":Employee","0.0","0.0","0.0","0.0","0.0","0.0","0.0","0.0","0.0","0.0","0.0","0.0","0.0","0.0","0.0","0.0","0.0","0.0","0.0","22.0","33.0","43.0","0.0","0.0","0.0","0.0","0.0","0.0","0.0","0.0","0.09449111825230688","0.09449111825230688","2.302849118556591E-14","1.1119367964048973E-12","0.20851441405707474","0.1714985851425088","0.15075567228888184","5.232972504791774E-14","1.3684232616876188E-14","7.37102851225063E-15","4.963145260052937E-15","1.6940723530271484E-14","3.2908770599287566E-14","3.2908770599287566E-14","3.2908770599287566E-14","56","2014-01-14","15","15","15","15","1","1","1","15","15","15","15","15","15","15","2012-01-16",,,
"16",":Employee","0.0","0.0","0.0","0.0","0.0","0.0","0.0","0.0","0.0","0.0","0.0","0.0","0.0","0.0","0.0","0.0","0.0","0.0","0.0","22.0","33.0","43.0","47.0","53.0","56.0","58.0","52.0","49.0","49.0","49.0","0.09449111825230688","0.09449111825230688","2.302849118556591E-14","1.1119367964048973E-12","0.20851441405707474","0.1714985851425088","0.15075567228888184","0.14433756729740638","0.1360827634879544","0.13245323570650436","0.13018891098082389","0.137360563948689","0.1414213562373095","0.1414213562373095","0.1414213562373095","76","2022-07-21","16","16","16","16","1","1","1","4","4","4","4","4","4","4","2012-02-01",,,
"17",":Employee","0.0","0.0","0.0","0.0","0.0","0.0","0.0","0.0","0.0","0.0","0.0","0.0","0.0","0.0","0.0","0.0","0.0","0.0","0.0","22.0","33.0","0.0","0.0","0.0","0.0","0.0","0.0","0.0","0.0","0.0","0.09449111825230688","0.09449111825230688","2.302849118556591E-14","1.1119367964048973E-12","0.20851441405707474","0.1714985851425088","1.400677835228125E-13","5.232972504791774E-14","1.3684232616876188E-14","7.37102851225063E-15","4.963145260052937E-15","1.6940723530271484E-14","3.2908770599287566E-14","3.2908770599287566E-14","3.2908770599287566E-14","58","2013-09-18","17","17","17","17","1","1","17","17","17","17","17","17","17","17","2012-02-24",,,
"18",":Employee","0.0","0.0","0.0","0.0","0.0","0.0","0.0","0.0","0.0","0.0","0.0","0.0","0.0","0.0","0.0","0.0","0.0","0.0","0.0","22.0","33.0","43.0","47.0","0.0","0.0","0.0","0.0","0.0","0.0","0.0","0.09449111825230688","0.09449111825230688","2.302849118556591E-14","1.1119367964048973E-12","0.20851441405707474","0.1714985851425088","0.15075567228888184","0.14433756729740638","1.3684232616876188E-14","7.37102851225063E-15","4.963145260052937E-15","1.6940723530271484E-14","3.2908770599287566E-14","3.2908770599287566E-14","3.2908770599287566E-14","39","2015-04-10","18","18","18","18","1","1","1","4","18","18","18","18","18","18","2012-04-16",,,
"19",":Employee","0.0","0.0","0.0","0.0","0.0","0.0","0.0","0.0","0.0","0.0","0.0","0.0","0.0","0.0","0.0","0.0","0.0","0.0","0.0","22.0","33.0","43.0","0.0","0.0","0.0","0.0","0.0","0.0","0.0","0.0","0.09449111825230688","0.09449111825230688","2.302849118556591E-14","1.1119367964048973E-12","0.20851441405707474","0.1714985851425088","0.15075567228888184","5.232972504791774E-14","1.3684232616876188E-14","7.37102851225063E-15","4.963145260052937E-15","1.6940723530271484E-14","3.2908770599287566E-14","3.2908770599287566E-14","3.2908770599287566E-14","50","2014-06-13","19","19","19","19","1","1","1","19","19","19","19","19","19","19","2012-04-16",,,
"20",":Employee","0.0","0.0","0.0","0.0","0.0","0.0","0.0","0.0","0.0","0.0","0.0","0.0","0.0","0.0","0.0","0.0","0.0","0.0","0.0","22.0","33.0","43.0","47.0","53.0","56.0","58.0","52.0","49.0","49.0","49.0","0.09449111825230688","0.09449111825230688","2.302849118556591E-14","1.1119367964048973E-12","0.20851441405707474","0.1714985851425088","0.15075567228888184","0.14433756729740638","0.1360827634879544","0.13245323570650436","0.13018891098082389","0.137360563948689","0.1414213562373095","0.1414213562373095","0.1414213562373095","77","2022-07-21","20","20","20","20","1","1","1","4","4","4","4","4","4","4","2012-05-03",,,
"21",":Employee","0.0","0.0","0.0","0.0","0.0","0.0","0.0","0.0","0.0","0.0","0.0","0.0","0.0","0.0","0.0","0.0","0.0","0.0","0.0","22.0","33.0","43.0","47.0","53.0","56.0","58.0","0.0","0.0","0.0","0.0","0.09449111825230688","0.09449111825230688","2.302849118556591E-14","1.1119367964048973E-12","0.20851441405707474","0.1714985851425088","0.15075567228888184","0.14433756729740638","0.1360827634879544","0.13245323570650436","0.13018891098082389","1.6940723530271484E-14","3.2908770599287566E-14","3.2908770599287566E-14","3.2908770599287566E-14","7","2018-09-18","21","21","21","21","1","1","1","4","4","4","4","21","21","21","2012-10-15",,,
"22",":Employee","0.0","0.0","0.0","0.0","0.0","0.0","0.0","0.0","0.0","0.0","0.0","0.0","0.0","0.0","0.0","0.0","0.0","0.0","0.0","22.0","33.0","43.0","47.0","53.0","56.0","58.0","52.0","49.0","49.0","49.0","0.09449111825230688","0.09449111825230688","2.302849118556591E-14","1.1119367964048973E-12","0.20851441405707474","0.1714985851425088","0.15075567228888184","0.14433756729740638","0.1360827634879544","0.13245323570650436","0.13018891098082389","0.137360563948689","0.1414213562373095","0.1414213562373095","0.1414213562373095","78","2022-07-21","22","22","22","22","1","1","1","4","4","4","4","4","4","4","2012-10-15",,,
"23",":Employee","0.0","0.0","0.0","0.0","0.0","0.0","0.0","0.0","0.0","0.0","0.0","0.0","0.0","0.0","0.0","0.0","0.0","0.0","0.0","0.0","33.0","43.0","47.0","53.0","56.0","58.0","52.0","49.0","49.0","49.0","0.09449111825230688","0.09449111825230688","2.302849118556591E-14","1.1119367964048973E-12","5.065195173883859E-16","0.1714985851425088","0.15075567228888184","0.14433756729740638","0.1360827634879544","0.13245323570650436","0.13018891098082389","0.137360563948689","0.1414213562373095","0.1414213562373095","0.1414213562373095","79","2022-07-21","23","23","23","23","23","1","1","4","4","4","4","4","4","4","2013-01-07",,,
"24",":Employee","0.0","0.0","0.0","0.0","0.0","0.0","0.0","0.0","0.0","0.0","0.0","0.0","0.0","0.0","0.0","0.0","0.0","0.0","0.0","0.0","33.0","43.0","0.0","0.0","0.0","0.0","0.0","0.0","0.0","0.0","0.09449111825230688","0.09449111825230688","2.302849118556591E-14","1.1119367964048973E-12","5.065195173883859E-16","0.1714985851425088","0.15075567228888184","5.232972504791774E-14","1.3684232616876188E-14","7.37102851225063E-15","4.963145260052937E-15","1.6940723530271484E-14","3.2908770599287566E-14","3.2908770599287566E-14","3.2908770599287566E-14","54","2014-03-14","24","24","24","24","24","1","1","24","24","24","24","24","24","24","2013-01-14",,,
"25",":Employee","0.0","0.0","0.0","0.0","0.0","0.0","0.0","0.0","0.0","0.0","0.0","0.0","0.0","0.0","0.0","0.0","0.0","0.0","0.0","0.0","33.0","43.0","47.0","53.0","56.0","58.0","52.0","49.0","49.0","49.0","0.09449111825230688","0.09449111825230688","2.302849118556591E-14","1.1119367964048973E-12","5.065195173883859E-16","0.1714985851425088","0.15075567228888184","0.14433756729740638","0.1360827634879544","0.13245323570650436","0.13018891098082389","0.137360563948689","0.1414213562373095","0.1414213562373095","0.1414213562373095","80","2022-07-21","25","25","25","25","25","1","1","4","4","4","4","4","4","4","2013-02-11",,,
"26",":Employee","0.0","0.0","0.0","0.0","0.0","0.0","0.0","0.0","0.0","0.0","0.0","0.0","0.0","0.0","0.0","0.0","0.0","0.0","0.0","0.0","33.0","43.0","0.0","0.0","0.0","0.0","0.0","0.0","0.0","0.0","0.09449111825230688","0.09449111825230688","2.302849118556591E-14","1.1119367964048973E-12","5.065195173883859E-16","0.1714985851425088","0.15075567228888184","5.232972504791774E-14","1.3684232616876188E-14","7.37102851225063E-15","4.963145260052937E-15","1.6940723530271484E-14","3.2908770599287566E-14","3.2908770599287566E-14","3.2908770599287566E-14","45","2014-09-30","26","26","26","26","26","1","1","26","26","26","26","26","26","26","2013-02-25",,,
"27",":Employee","0.0","0.0","0.0","0.0","0.0","0.0","0.0","0.0","0.0","0.0","0.0","0.0","0.0","0.0","0.0","0.0","0.0","0.0","0.0","0.0","33.0","43.0","47.0","53.0","56.0","58.0","0.0","0.0","0.0","0.0","0.09449111825230688","0.09449111825230688","2.302849118556591E-14","1.1119367964048973E-12","5.065195173883859E-16","0.1714985851425088","0.15075567228888184","0.14433756729740638","0.1360827634879544","0.13245323570650436","0.13018891098082389","1.6940723530271484E-14","3.2908770599287566E-14","3.2908770599287566E-14","3.2908770599287566E-14","8","2018-08-22","27","27","27","27","27","1","1","4","4","4","4","27","27","27","2013-04-01",,,
"28",":Employee","0.0","0.0","0.0","0.0","0.0","0.0","0.0","0.0","0.0","0.0","0.0","0.0","0.0","0.0","0.0","0.0","0.0","0.0","0.0","0.0","33.0","43.0","0.0","0.0","0.0","0.0","0.0","0.0","0.0","0.0","0.09449111825230688","0.09449111825230688","2.302849118556591E-14","1.1119367964048973E-12","5.065195173883859E-16","0.1714985851425088","0.15075567228888184","5.232972504791774E-14","1.3684232616876188E-14","7.37102851225063E-15","4.963145260052937E-15","1.6940723530271484E-14","3.2908770599287566E-14","3.2908770599287566E-14","3.2908770599287566E-14","48","2014-08-29","28","28","28","28","28","1","1","28","28","28","28","28","28","28","2013-04-01",,,
"29",":Employee","0.0","0.0","0.0","0.0","0.0","0.0","0.0","0.0","0.0","0.0","0.0","0.0","0.0","0.0","0.0","0.0","0.0","0.0","0.0","0.0","33.0","43.0","47.0","53.0","56.0","58.0","52.0","49.0","49.0","49.0","0.09449111825230688","0.09449111825230688","2.302849118556591E-14","1.1119367964048973E-12","5.065195173883859E-16","0.1714985851425088","0.15075567228888184","0.14433756729740638","0.1360827634879544","0.13245323570650436","0.13018891098082389","0.137360563948689","0.1414213562373095","0.1414213562373095","0.1414213562373095","81","2022-07-21","29","29","29","29","29","1","1","4","4","4","4","4","4","4","2013-04-02",,,
"30",":Employee","0.0","0.0","0.0","0.0","0.0","0.0","0.0","0.0","0.0","0.0","0.0","0.0","0.0","0.0","0.0","0.0","0.0","0.0","0.0","0.0","33.0","43.0","0.0","0.0","0.0","0.0","0.0","0.0","0.0","0.0","0.09449111825230688","0.09449111825230688","2.302849118556591E-14","1.1119367964048973E-12","5.065195173883859E-16","0.1714985851425088","0.15075567228888184","5.232972504791774E-14","1.3684232616876188E-14","7.37102851225063E-15","4.963145260052937E-15","1.6940723530271484E-14","3.2908770599287566E-14","3.2908770599287566E-14","3.2908770599287566E-14","53","2014-03-26","30","30","30","30","30","1","1","30","30","30","30","30","30","30","2013-04-08",,,
"31",":Employee","0.0","0.0","0.0","0.0","0.0","0.0","0.0","0.0","0.0","0.0","0.0","0.0","0.0","0.0","0.0","0.0","0.0","0.0","0.0","0.0","33.0","43.0","47.0","53.0","56.0","58.0","52.0","49.0","49.0","49.0","0.09449111825230688","0.09449111825230688","2.302849118556591E-14","1.1119367964048973E-12","5.065195173883859E-16","0.1714985851425088","0.15075567228888184","0.14433756729740638","0.1360827634879544","0.13245323570650436","0.13018891098082389","0.137360563948689","0.1414213562373095","0.1414213562373095","0.1414213562373095","82","2022-07-21","31","31","31","31","31","1","1","4","4","4","4","4","4","4","2013-04-08",,,
"32",":Employee","0.0","0.0","0.0","0.0","0.0","0.0","0.0","0.0","0.0","0.0","0.0","0.0","0.0","0.0","0.0","0.0","0.0","0.0","0.0","0.0","33.0","43.0","47.0","0.0","0.0","0.0","0.0","0.0","0.0","0.0","0.09449111825230688","0.09449111825230688","2.302849118556591E-14","1.1119367964048973E-12","5.065195173883859E-16","0.1714985851425088","0.15075567228888184","0.14433756729740638","1.3684232616876188E-14","7.37102851225063E-15","4.963145260052937E-15","1.6940723530271484E-14","3.2908770599287566E-14","3.2908770599287566E-14","3.2908770599287566E-14","38","2015-04-21","32","32","32","32","32","1","1","4","32","32","32","32","32","32","2013-04-22",,,
"33",":Employee","0.0","0.0","0.0","0.0","0.0","0.0","0.0","0.0","0.0","0.0","0.0","0.0","0.0","0.0","0.0","0.0","0.0","0.0","0.0","0.0","33.0","43.0","0.0","0.0","0.0","0.0","0.0","0.0","0.0","0.0","0.09449111825230688","0.09449111825230688","2.302849118556591E-14","1.1119367964048973E-12","5.065195173883859E-16","0.1714985851425088","0.15075567228888184","5.232972504791774E-14","1.3684232616876188E-14","7.37102851225063E-15","4.963145260052937E-15","1.6940723530271484E-14","3.2908770599287566E-14","3.2908770599287566E-14","3.2908770599287566E-14","46","2014-09-27","33","33","33","33","33","1","1","33","33","33","33","33","33","33","2013-07-01",,,
"34",":Employee","0.0","0.0","0.0","0.0","0.0","0.0","0.0","0.0","0.0","0.0","0.0","0.0","0.0","0.0","0.0","0.0","0.0","0.0","0.0","0.0","33.0","43.0","47.0","53.0","56.0","58.0","52.0","49.0","49.0","49.0","0.09449111825230688","0.09449111825230688","2.302849118556591E-14","1.1119367964048973E-12","5.065195173883859E-16","0.1714985851425088","0.15075567228888184","0.14433756729740638","0.1360827634879544","0.13245323570650436","0.13018891098082389","0.137360563948689","0.1414213562373095","0.1414213562373095","0.1414213562373095","83","2022-07-21","34","34","34","34","34","1","1","4","4","4","4","4","4","4","2013-09-02",,,
"35",":Employee","0.0","0.0","0.0","0.0","0.0","0.0","0.0","0.0","0.0","0.0","0.0","0.0","0.0","0.0","0.0","0.0","0.0","0.0","0.0","0.0","33.0","43.0","47.0","0.0","0.0","0.0","0.0","0.0","0.0","0.0","0.09449111825230688","0.09449111825230688","2.302849118556591E-14","1.1119367964048973E-12","5.065195173883859E-16","0.1714985851425088","0.15075567228888184","0.14433756729740638","1.3684232616876188E-14","7.37102851225063E-15","4.963145260052937E-15","1.6940723530271484E-14","3.2908770599287566E-14","3.2908770599287566E-14","3.2908770599287566E-14","35","2015-11-13","35","35","35","35","35","1","1","4","35","35","35","35","35","35","2013-12-01",,,
"36",":Employee","0.0","0.0","0.0","0.0","0.0","0.0","0.0","0.0","0.0","0.0","0.0","0.0","0.0","0.0","0.0","0.0","0.0","0.0","0.0","0.0","0.0","43.0","47.0","53.0","56.0","0.0","0.0","0.0","0.0","0.0","0.09449111825230688","0.09449111825230688","2.302849118556591E-14","1.1119367964048973E-12","5.065195173883859E-16","9.148173640730398E-19","0.15075567228888184","0.14433756729740638","0.1360827634879544","0.13245323570650436","4.963145260052937E-15","1.6940723530271484E-14","3.2908770599287566E-14","3.2908770599287566E-14","3.2908770599287566E-14","17","2017-09-29","36","36","36","36","36","36","1","4","4","4","36","36","36","36","2014-01-13",,,
"37",":Employee","0.0","0.0","0.0","0.0","0.0","0.0","0.0","0.0","0.0","0.0","0.0","0.0","0.0","0.0","0.0","0.0","0.0","0.0","0.0","0.0","0.0","43.0","0.0","0.0","0.0","0.0","0.0","0.0","0.0","0.0","0.09449111825230688","0.09449111825230688","2.302849118556591E-14","1.1119367964048973E-12","5.065195173883859E-16","9.148173640730398E-19","0.15075567228888184","5.232972504791774E-14","1.3684232616876188E-14","7.37102851225063E-15","4.963145260052937E-15","1.6940723530271484E-14","3.2908770599287566E-14","3.2908770599287566E-14","3.2908770599287566E-14","49","2014-07-04","37","37","37","37","37","37","1","37","37","37","37","37","37","37","2014-01-13",,,
"38",":Employee","0.0","0.0","0.0","0.0","0.0","0.0","0.0","0.0","0.0","0.0","0.0","0.0","0.0","0.0","0.0","0.0","0.0","0.0","0.0","0.0","0.0","43.0","47.0","53.0","56.0","58.0","52.0","49.0","49.0","49.0","0.09449111825230688","0.09449111825230688","2.302849118556591E-14","1.1119367964048973E-12","5.065195173883859E-16","9.148173640730398E-19","0.15075567228888184","0.14433756729740638","0.1360827634879544","0.13245323570650436","0.13018891098082389","0.137360563948689","0.1414213562373095","0.1414213562373095","0.1414213562373095","84","2022-07-21","38","38","38","38","38","38","1","4","4","4","4","4","4","4","2014-01-13",,,
"39",":Employee","0.0","0.0","0.0","0.0","0.0","0.0","0.0","0.0","0.0","0.0","0.0","0.0","0.0","0.0","0.0","0.0","0.0","0.0","0.0","0.0","0.0","43.0","47.0","53.0","56.0","58.0","52.0","49.0","49.0","49.0","0.09449111825230688","0.09449111825230688","2.302849118556591E-14","1.1119367964048973E-12","5.065195173883859E-16","9.148173640730398E-19","0.15075567228888184","0.14433756729740638","0.1360827634879544","0.13245323570650436","0.13018891098082389","0.137360563948689","0.1414213562373095","0.1414213562373095","0.1414213562373095","85","2022-07-21","39","39","39","39","39","39","1","4","4","4","4","4","4","4","2014-02-10",,,
"40",":Employee","0.0","0.0","0.0","0.0","0.0","0.0","0.0","0.0","0.0","0.0","0.0","0.0","0.0","0.0","0.0","0.0","0.0","0.0","0.0","0.0","0.0","43.0","47.0","53.0","56.0","58.0","52.0","49.0","49.0","49.0","0.09449111825230688","0.09449111825230688","2.302849118556591E-14","1.1119367964048973E-12","5.065195173883859E-16","9.148173640730398E-19","0.15075567228888184","0.14433756729740638","0.1360827634879544","0.13245323570650436","0.13018891098082389","0.137360563948689","0.1414213562373095","0.1414213562373095","0.1414213562373095","86","2022-07-21","40","40","40","40","40","40","1","4","4","4","4","4","4","4","2014-02-10",,,
"41",":Employee","0.0","0.0","0.0","0.0","0.0","0.0","0.0","0.0","0.0","0.0","0.0","0.0","0.0","0.0","0.0","0.0","0.0","0.0","0.0","0.0","0.0","43.0","47.0","53.0","56.0","58.0","52.0","49.0","49.0","49.0","0.09449111825230688","0.09449111825230688","2.302849118556591E-14","1.1119367964048973E-12","5.065195173883859E-16","9.148173640730398E-19","0.15075567228888184","0.14433756729740638","0.1360827634879544","0.13245323570650436","0.13018891098082389","0.137360563948689","0.1414213562373095","0.1414213562373095","0.1414213562373095","87","2022-07-21","41","41","41","41","41","41","1","4","4","4","4","4","4","4","2014-04-01",,,
"42",":Employee","0.0","0.0","0.0","0.0","0.0","0.0","0.0","0.0","0.0","0.0","0.0","0.0","0.0","0.0","0.0","0.0","0.0","0.0","0.0","0.0","0.0","43.0","47.0","0.0","0.0","0.0","0.0","0.0","0.0","0.0","0.09449111825230688","0.09449111825230688","2.302849118556591E-14","1.1119367964048973E-12","5.065195173883859E-16","9.148173640730398E-19","0.15075567228888184","0.14433756729740638","1.3684232616876188E-14","7.37102851225063E-15","4.963145260052937E-15","1.6940723530271484E-14","3.2908770599287566E-14","3.2908770599287566E-14","3.2908770599287566E-14","36","2015-10-10","42","42","42","42","42","42","1","4","42","42","42","42","42","42","2014-04-14",,,
"43",":Employee","0.0","0.0","0.0","0.0","0.0","0.0","0.0","0.0","0.0","0.0","0.0","0.0","0.0","0.0","0.0","0.0","0.0","0.0","0.0","0.0","0.0","43.0","47.0","53.0","0.0","0.0","0.0","0.0","0.0","0.0","0.09449111825230688","0.09449111825230688","2.302849118556591E-14","1.1119367964048973E-12","5.065195173883859E-16","9.148173640730398E-19","0.15075567228888184","0.14433756729740638","0.1360827634879544","7.37102851225063E-15","4.963145260052937E-15","1.6940723530271484E-14","3.2908770599287566E-14","3.2908770599287566E-14","3.2908770599287566E-14","29","2016-04-22","43","43","43","43","43","43","1","4","4","43","43","43","43","43","2014-05-05",,,
"44",":Employee","0.0","0.0","0.0","0.0","0.0","0.0","0.0","0.0","0.0","0.0","0.0","0.0","0.0","0.0","0.0","0.0","0.0","0.0","0.0","0.0","0.0","43.0","0.0","0.0","0.0","0.0","0.0","0.0","0.0","0.0","0.09449111825230688","0.09449111825230688","2.302849118556591E-14","1.1119367964048973E-12","5.065195173883859E-16","9.148173640730398E-19","0.15075567228888184","5.232972504791774E-14","1.3684232616876188E-14","7.37102851225063E-15","4.963145260052937E-15","1.6940723530271484E-14","3.2908770599287566E-14","3.2908770599287566E-14","3.2908770599287566E-14","42","2014-11-29","44","44","44","44","44","44","1","44","44","44","44","44","44","44","2014-05-05",,,
"45",":Employee","0.0","0.0","0.0","0.0","0.0","0.0","0.0","0.0","0.0","0.0","0.0","0.0","0.0","0.0","0.0","0.0","0.0","0.0","0.0","0.0","0.0","43.0","0.0","0.0","0.0","0.0","0.0","0.0","0.0","0.0","0.09449111825230688","0.09449111825230688","2.302849118556591E-14","1.1119367964048973E-12","5.065195173883859E-16","9.148173640730398E-19","0.15075567228888184","5.232972504791774E-14","1.3684232616876188E-14","7.37102851225063E-15","4.963145260052937E-15","1.6940723530271484E-14","3.2908770599287566E-14","3.2908770599287566E-14","3.2908770599287566E-14","43","2014-11-10","45","45","45","45","45","45","1","45","45","45","45","45","45","45","2014-07-14",,,
"46",":Employee","0.0","0.0","0.0","0.0","0.0","0.0","0.0","0.0","0.0","0.0","0.0","0.0","0.0","0.0","0.0","0.0","0.0","0.0","0.0","0.0","0.0","43.0","47.0","0.0","0.0","0.0","0.0","0.0","0.0","0.0","0.09449111825230688","0.09449111825230688","2.302849118556591E-14","1.1119367964048973E-12","5.065195173883859E-16","9.148173640730398E-19","0.15075567228888184","0.14433756729740638","1.3684232616876188E-14","7.37102851225063E-15","4.963145260052937E-15","1.6940723530271484E-14","3.2908770599287566E-14","3.2908770599287566E-14","3.2908770599287566E-14","40","2015-02-20","46","46","46","46","46","46","1","4","46","46","46","46","46","46","2014-09-01",,,
"47",":Employee","0.0","0.0","0.0","0.0","0.0","0.0","0.0","0.0","0.0","0.0","0.0","0.0","0.0","0.0","0.0","0.0","0.0","0.0","0.0","0.0","0.0","43.0","47.0","53.0","56.0","58.0","52.0","49.0","49.0","49.0","0.09449111825230688","0.09449111825230688","2.302849118556591E-14","1.1119367964048973E-12","5.065195173883859E-16","9.148173640730398E-19","0.15075567228888184","0.14433756729740638","0.1360827634879544","0.13245323570650436","0.13018891098082389","0.137360563948689","0.1414213562373095","0.1414213562373095","0.1414213562373095","88","2022-07-21","47","47","47","47","47","47","1","4","4","4","4","4","4","4","2014-09-22",,,
"48",":Employee","0.0","0.0","0.0","0.0","0.0","0.0","0.0","0.0","0.0","0.0","0.0","0.0","0.0","0.0","0.0","0.0","0.0","0.0","0.0","0.0","0.0","43.0","0.0","0.0","0.0","0.0","0.0","0.0","0.0","0.0","0.09449111825230688","0.09449111825230688","2.302849118556591E-14","1.1119367964048973E-12","5.065195173883859E-16","9.148173640730398E-19","0.15075567228888184","5.232972504791774E-14","1.3684232616876188E-14","7.37102851225063E-15","4.963145260052937E-15","1.6940723530271484E-14","3.2908770599287566E-14","3.2908770599287566E-14","3.2908770599287566E-14","44","2014-11-06","48","48","48","48","48","48","1","48","48","48","48","48","48","48","2014-10-01",,,
"49",":Employee","0.0","0.0","0.0","0.0","0.0","0.0","0.0","0.0","0.0","0.0","0.0","0.0","0.0","0.0","0.0","0.0","0.0","0.0","0.0","0.0","0.0","43.0","47.0","53.0","0.0","0.0","0.0","0.0","0.0","0.0","0.09449111825230688","0.09449111825230688","2.302849118556591E-14","1.1119367964048973E-12","5.065195173883859E-16","9.148173640730398E-19","0.15075567228888184","0.14433756729740638","0.1360827634879544","7.37102851225063E-15","4.963145260052937E-15","1.6940723530271484E-14","3.2908770599287566E-14","3.2908770599287566E-14","3.2908770599287566E-14","33","2016-01-09","49","49","49","49","49","49","1","4","4","49","49","49","49","49","2014-10-20",,,
"50",":Employee","0.0","0.0","0.0","0.0","0.0","0.0","0.0","0.0","0.0","0.0","0.0","0.0","0.0","0.0","0.0","0.0","0.0","0.0","0.0","0.0","0.0","0.0","47.0","53.0","56.0","58.0","52.0","49.0","49.0","49.0","0.09449111825230688","0.09449111825230688","2.302849118556591E-14","1.1119367964048973E-12","5.065195173883859E-16","9.148173640730398E-19","1.400677835228125E-13","0.14433756729740638","0.1360827634879544","0.13245323570650436","0.13018891098082389","0.137360563948689","0.1414213562373095","0.1414213562373095","0.1414213562373095","89","2022-07-21","50","50","50","50","50","50","50","4","4","4","4","4","4","4","2015-01-19",,,
"51",":Employee","0.0","0.0","0.0","0.0","0.0","0.0","0.0","0.0","0.0","0.0","0.0","0.0","0.0","0.0","0.0","0.0","0.0","0.0","0.0","0.0","0.0","0.0","47.0","53.0","56.0","58.0","52.0","49.0","49.0","49.0","0.09449111825230688","0.09449111825230688","2.302849118556591E-14","1.1119367964048973E-12","5.065195173883859E-16","9.148173640730398E-19","1.400677835228125E-13","0.14433756729740638","0.1360827634879544","0.13245323570650436","0.13018891098082389","0.137360563948689","0.1414213562373095","0.1414213562373095","0.1414213562373095","90","2022-07-21","51","51","51","51","51","51","51","4","4","4","4","4","4","4","2015-02-11",,,
"52",":Employee","0.0","0.0","0.0","0.0","0.0","0.0","0.0","0.0","0.0","0.0","0.0","0.0","0.0","0.0","0.0","0.0","0.0","0.0","0.0","0.0","0.0","0.0","47.0","0.0","0.0","0.0","0.0","0.0","0.0","0.0","0.09449111825230688","0.09449111825230688","2.302849118556591E-14","1.1119367964048973E-12","5.065195173883859E-16","9.148173640730398E-19","1.400677835228125E-13","0.14433756729740638","1.3684232616876188E-14","7.37102851225063E-15","4.963145260052937E-15","1.6940723530271484E-14","3.2908770599287566E-14","3.2908770599287566E-14","3.2908770599287566E-14","37","2015-05-06","52","52","52","52","52","52","52","4","52","52","52","52","52","52","2015-04-13",,,
"53",":Employee","0.0","0.0","0.0","0.0","0.0","0.0","0.0","0.0","0.0","0.0","0.0","0.0","0.0","0.0","0.0","0.0","0.0","0.0","0.0","0.0","0.0","0.0","47.0","53.0","56.0","58.0","52.0","49.0","49.0","49.0","0.09449111825230688","0.09449111825230688","2.302849118556591E-14","1.1119367964048973E-12","5.065195173883859E-16","9.148173640730398E-19","1.400677835228125E-13","0.14433756729740638","0.1360827634879544","0.13245323570650436","0.13018891098082389","0.137360563948689","0.1414213562373095","0.1414213562373095","0.1414213562373095","91","2022-07-21","53","53","53","53","53","53","53","4","4","4","4","4","4","4","2015-04-20",,,
"54",":Employee","0.0","0.0","0.0","0.0","0.0","0.0","0.0","0.0","0.0","0.0","0.0","0.0","0.0","0.0","0.0","0.0","0.0","0.0","0.0","0.0","0.0","0.0","47.0","53.0","56.0","0.0","0.0","0.0","0.0","0.0","0.09449111825230688","0.09449111825230688","2.302849118556591E-14","1.1119367964048973E-12","5.065195173883859E-16","9.148173640730398E-19","1.400677835228125E-13","0.14433756729740638","0.1360827634879544","0.13245323570650436","4.963145260052937E-15","1.6940723530271484E-14","3.2908770599287566E-14","3.2908770599287566E-14","3.2908770599287566E-14","20","2017-04-07","54","54","54","54","54","54","54","4","4","4","54","54","54","54","2015-04-27",,,
"55",":Employee","0.0","0.0","0.0","0.0","0.0","0.0","0.0","0.0","0.0","0.0","0.0","0.0","0.0","0.0","0.0","0.0","0.0","0.0","0.0","0.0","0.0","0.0","47.0","53.0","0.0","0.0","0.0","0.0","0.0","0.0","0.09449111825230688","0.09449111825230688","2.302849118556591E-14","1.1119367964048973E-12","5.065195173883859E-16","9.148173640730398E-19","1.400677835228125E-13","0.14433756729740638","0.1360827634879544","7.37102851225063E-15","4.963145260052937E-15","1.6940723530271484E-14","3.2908770599287566E-14","3.2908770599287566E-14","3.2908770599287566E-14","31","2016-02-19","55","55","55","55","55","55","55","4","4","55","55","55","55","55","2015-04-27",,,
"56",":Employee","0.0","0.0","0.0","0.0","0.0","0.0","0.0","0.0","0.0","0.0","0.0","0.0","0.0","0.0","0.0","0.0","0.0","0.0","0.0","0.0","0.0","0.0","47.0","53.0","56.0","58.0","52.0","49.0","49.0","49.0","0.09449111825230688","0.09449111825230688","2.302849118556591E-14","1.1119367964048973E-12","5.065195173883859E-16","9.148173640730398E-19","1.400677835228125E-13","0.14433756729740638","0.1360827634879544","0.13245323570650436","0.13018891098082389","0.137360563948689","0.1414213562373095","0.1414213562373095","0.1414213562373095","92","2022-07-21","56","56","56","56","56","56","56","4","4","4","4","4","4","4","2015-04-27",,,
"57",":Employee","0.0","0.0","0.0","0.0","0.0","0.0","0.0","0.0","0.0","0.0","0.0","0.0","0.0","0.0","0.0","0.0","0.0","0.0","0.0","0.0","0.0","0.0","47.0","53.0","56.0","58.0","52.0","49.0","49.0","49.0","0.09449111825230688","0.09449111825230688","2.302849118556591E-14","1.1119367964048973E-12","5.065195173883859E-16","9.148173640730398E-19","1.400677835228125E-13","0.14433756729740638","0.1360827634879544","0.13245323570650436","0.13018891098082389","0.137360563948689","0.1414213562373095","0.1414213562373095","0.1414213562373095","93","2022-07-21","57","57","57","57","57","57","57","4","4","4","4","4","4","4","2015-04-27",,,
"58",":Employee","0.0","0.0","0.0","0.0","0.0","0.0","0.0","0.0","0.0","0.0","0.0","0.0","0.0","0.0","0.0","0.0","0.0","0.0","0.0","0.0","0.0","0.0","47.0","53.0","0.0","0.0","0.0","0.0","0.0","0.0","0.09449111825230688","0.09449111825230688","2.302849118556591E-14","1.1119367964048973E-12","5.065195173883859E-16","9.148173640730398E-19","1.400677835228125E-13","0.14433756729740638","0.1360827634879544","7.37102851225063E-15","4.963145260052937E-15","1.6940723530271484E-14","3.2908770599287566E-14","3.2908770599287566E-14","3.2908770599287566E-14","26","2016-10-21","58","58","58","58","58","58","58","4","4","58","58","58","58","58","2015-05-25",,,
"59",":Employee","0.0","0.0","0.0","0.0","0.0","0.0","0.0","0.0","0.0","0.0","0.0","0.0","0.0","0.0","0.0","0.0","0.0","0.0","0.0","0.0","0.0","0.0","47.0","53.0","56.0","58.0","52.0","49.0","49.0","49.0","0.09449111825230688","0.09449111825230688","2.302849118556591E-14","1.1119367964048973E-12","5.065195173883859E-16","9.148173640730398E-19","1.400677835228125E-13","0.14433756729740638","0.1360827634879544","0.13245323570650436","0.13018891098082389","0.137360563948689","0.1414213562373095","0.1414213562373095","0.1414213562373095","94","2022-07-21","59","59","59","59","59","59","59","4","4","4","4","4","4","4","2015-05-25",,,
"60",":Employee","0.0","0.0","0.0","0.0","0.0","0.0","0.0","0.0","0.0","0.0","0.0","0.0","0.0","0.0","0.0","0.0","0.0","0.0","0.0","0.0","0.0","0.0","47.0","53.0","56.0","0.0","0.0","0.0","0.0","0.0","0.09449111825230688","0.09449111825230688","2.302849118556591E-14","1.1119367964048973E-12","5.065195173883859E-16","9.148173640730398E-19","1.400677835228125E-13","0.14433756729740638","0.1360827634879544","0.13245323570650436","4.963145260052937E-15","1.6940723530271484E-14","3.2908770599287566E-14","3.2908770599287566E-14","3.2908770599287566E-14","18","2017-09-06","60","60","60","60","60","60","60","4","4","4","60","60","60","60","2015-06-01",,,
"61",":Employee","0.0","0.0","0.0","0.0","0.0","0.0","0.0","0.0","0.0","0.0","0.0","0.0","0.0","0.0","0.0","0.0","0.0","0.0","0.0","0.0","0.0","0.0","47.0","53.0","56.0","58.0","52.0","49.0","49.0","49.0","0.09449111825230688","0.09449111825230688","2.302849118556591E-14","1.1119367964048973E-12","5.065195173883859E-16","9.148173640730398E-19","1.400677835228125E-13","0.14433756729740638","0.1360827634879544","0.13245323570650436","0.13018891098082389","0.137360563948689","0.1414213562373095","0.1414213562373095","0.1414213562373095","95","2022-07-21","61","61","61","61","61","61","61","4","4","4","4","4","4","4","2015-06-01",,,
"62",":Employee","0.0","0.0","0.0","0.0","0.0","0.0","0.0","0.0","0.0","0.0","0.0","0.0","0.0","0.0","0.0","0.0","0.0","0.0","0.0","0.0","0.0","0.0","47.0","53.0","56.0","58.0","0.0","0.0","0.0","0.0","0.09449111825230688","0.09449111825230688","2.302849118556591E-14","1.1119367964048973E-12","5.065195173883859E-16","9.148173640730398E-19","1.400677835228125E-13","0.14433756729740638","0.1360827634879544","0.13245323570650436","0.13018891098082389","1.6940723530271484E-14","3.2908770599287566E-14","3.2908770599287566E-14","3.2908770599287566E-14","13","2018-05-31","62","62","62","62","62","62","62","4","4","4","4","62","62","62","2015-06-08",,,
"63",":Employee","0.0","0.0","0.0","0.0","0.0","0.0","0.0","0.0","0.0","0.0","0.0","0.0","0.0","0.0","0.0","0.0","0.0","0.0","0.0","0.0","0.0","0.0","47.0","53.0","56.0","58.0","0.0","0.0","0.0","0.0","0.09449111825230688","0.09449111825230688","2.302849118556591E-14","1.1119367964048973E-12","5.065195173883859E-16","9.148173640730398E-19","1.400677835228125E-13","0.14433756729740638","0.1360827634879544","0.13245323570650436","0.13018891098082389","1.6940723530271484E-14","3.2908770599287566E-14","3.2908770599287566E-14","3.2908770599287566E-14","11","2018-07-04","63","63","63","63","63","63","63","4","4","4","4","63","63","63","2015-06-22",,,
"64",":Employee","0.0","0.0","0.0","0.0","0.0","0.0","0.0","0.0","0.0","0.0","0.0","0.0","0.0","0.0","0.0","0.0","0.0","0.0","0.0","0.0","0.0","0.0","47.0","53.0","56.0","0.0","0.0","0.0","0.0","0.0","0.09449111825230688","0.09449111825230688","2.302849118556591E-14","1.1119367964048973E-12","5.065195173883859E-16","9.148173640730398E-19","1.400677835228125E-13","0.14433756729740638","0.1360827634879544","0.13245323570650436","4.963145260052937E-15","1.6940723530271484E-14","3.2908770599287566E-14","3.2908770599287566E-14","3.2908770599287566E-14","21","2017-01-25","64","64","64","64","64","64","64","4","4","4","64","64","64","64","2015-06-22",,,
"65",":Employee","0.0","0.0","0.0","0.0","0.0","0.0","0.0","0.0","0.0","0.0","0.0","0.0","0.0","0.0","0.0","0.0","0.0","0.0","0.0","0.0","0.0","0.0","47.0","53.0","0.0","0.0","0.0","0.0","0.0","0.0","0.09449111825230688","0.09449111825230688","2.302849118556591E-14","1.1119367964048973E-12","5.065195173883859E-16","9.148173640730398E-19","1.400677835228125E-13","0.14433756729740638","0.1360827634879544","7.37102851225063E-15","4.963145260052937E-15","1.6940723530271484E-14","3.2908770599287566E-14","3.2908770599287566E-14","3.2908770599287566E-14","30","2016-03-28","65","65","65","65","65","65","65","4","4","65","65","65","65","65","2015-07-01",,,
"66",":Employee","0.0","0.0","0.0","0.0","0.0","0.0","0.0","0.0","0.0","0.0","0.0","0.0","0.0","0.0","0.0","0.0","0.0","0.0","0.0","0.0","0.0","0.0","47.0","53.0","0.0","0.0","0.0","0.0","0.0","0.0","0.09449111825230688","0.09449111825230688","2.302849118556591E-14","1.1119367964048973E-12","5.065195173883859E-16","9.148173640730398E-19","1.400677835228125E-13","0.14433756729740638","0.1360827634879544","7.37102851225063E-15","4.963145260052937E-15","1.6940723530271484E-14","3.2908770599287566E-14","3.2908770599287566E-14","3.2908770599287566E-14","32","2016-01-18","66","66","66","66","66","66","66","4","4","66","66","66","66","66","2015-07-07",,,
"67",":Employee","0.0","0.0","0.0","0.0","0.0","0.0","0.0","0.0","0.0","0.0","0.0","0.0","0.0","0.0","0.0","0.0","0.0","0.0","0.0","0.0","0.0","0.0","47.0","53.0","56.0","58.0","52.0","49.0","49.0","49.0","0.09449111825230688","0.09449111825230688","2.302849118556591E-14","1.1119367964048973E-12","5.065195173883859E-16","9.148173640730398E-19","1.400677835228125E-13","0.14433756729740638","0.1360827634879544","0.13245323570650436","0.13018891098082389","0.137360563948689","0.1414213562373095","0.1414213562373095","0.1414213562373095","96","2022-07-21","67","67","67","67","67","67","67","4","4","4","4","4","4","4","2015-07-20",,,
"68",":Employee","0.0","0.0","0.0","0.0","0.0","0.0","0.0","0.0","0.0","0.0","0.0","0.0","0.0","0.0","0.0","0.0","0.0","0.0","0.0","0.0","0.0","0.0","47.0","53.0","56.0","58.0","52.0","0.0","0.0","0.0","0.09449111825230688","0.09449111825230688","2.302849118556591E-14","1.1119367964048973E-12","5.065195173883859E-16","9.148173640730398E-19","1.400677835228125E-13","0.14433756729740638","0.1360827634879544","0.13245323570650436","0.13018891098082389","0.137360563948689","3.2908770599287566E-14","3.2908770599287566E-14","3.2908770599287566E-14","1","2019-02-28","68","68","68","68","68","68","68","4","4","4","4","4","68","68","2015-10-12",,,
"69",":Employee","0.0","0.0","0.0","0.0","0.0","0.0","0.0","0.0","0.0","0.0","0.0","0.0","0.0","0.0","0.0","0.0","0.0","0.0","0.0","0.0","0.0","0.0","47.0","53.0","0.0","0.0","0.0","0.0","0.0","0.0","0.09449111825230688","0.09449111825230688","2.302849118556591E-14","1.1119367964048973E-12","5.065195173883859E-16","9.148173640730398E-19","1.400677835228125E-13","0.14433756729740638","0.1360827634879544","7.37102851225063E-15","4.963145260052937E-15","1.6940723530271484E-14","3.2908770599287566E-14","3.2908770599287566E-14","3.2908770599287566E-14","25","2016-11-01","69","69","69","69","69","69","69","4","4","69","69","69","69","69","2015-11-02",,,
"70",":Employee","0.0","0.0","0.0","0.0","0.0","0.0","0.0","0.0","0.0","0.0","0.0","0.0","0.0","0.0","0.0","0.0","0.0","0.0","0.0","0.0","0.0","0.0","0.0","53.0","0.0","0.0","0.0","0.0","0.0","0.0","0.09449111825230688","0.09449111825230688","2.302849118556591E-14","1.1119367964048973E-12","5.065195173883859E-16","9.148173640730398E-19","1.400677835228125E-13","5.232972504791774E-14","0.1360827634879544","7.37102851225063E-15","4.963145260052937E-15","1.6940723530271484E-14","3.2908770599287566E-14","3.2908770599287566E-14","3.2908770599287566E-14","27","2016-09-22","70","70","70","70","70","70","70","70","4","70","70","70","70","70","2016-01-04",,,
"71",":Employee","0.0","0.0","0.0","0.0","0.0","0.0","0.0","0.0","0.0","0.0","0.0","0.0","0.0","0.0","0.0","0.0","0.0","0.0","0.0","0.0","0.0","0.0","0.0","53.0","56.0","58.0","0.0","0.0","0.0","0.0","0.09449111825230688","0.09449111825230688","2.302849118556591E-14","1.1119367964048973E-12","5.065195173883859E-16","9.148173640730398E-19","1.400677835228125E-13","5.232972504791774E-14","0.1360827634879544","0.13245323570650436","0.13018891098082389","1.6940723530271484E-14","3.2908770599287566E-14","3.2908770599287566E-14","3.2908770599287566E-14","6","2018-10-31","71","71","71","71","71","71","71","71","4","4","4","71","71","71","2016-01-11",,,
"72",":Employee","0.0","0.0","0.0","0.0","0.0","0.0","0.0","0.0","0.0","0.0","0.0","0.0","0.0","0.0","0.0","0.0","0.0","0.0","0.0","0.0","0.0","0.0","0.0","53.0","56.0","0.0","0.0","0.0","0.0","0.0","0.09449111825230688","0.09449111825230688","2.302849118556591E-14","1.1119367964048973E-12","5.065195173883859E-16","9.148173640730398E-19","1.400677835228125E-13","5.232972504791774E-14","0.1360827634879544","0.13245323570650436","4.963145260052937E-15","1.6940723530271484E-14","3.2908770599287566E-14","3.2908770599287566E-14","3.2908770599287566E-14","22","2017-01-18","72","72","72","72","72","72","72","72","4","4","72","72","72","72","2016-01-18",,,
"73",":Employee","0.0","0.0","0.0","0.0","0.0","0.0","0.0","0.0","0.0","0.0","0.0","0.0","0.0","0.0","0.0","0.0","0.0","0.0","0.0","0.0","0.0","0.0","0.0","53.0","56.0","58.0","52.0","49.0","49.0","49.0","0.09449111825230688","0.09449111825230688","2.302849118556591E-14","1.1119367964048973E-12","5.065195173883859E-16","9.148173640730398E-19","1.400677835228125E-13","5.232972504791774E-14","0.1360827634879544","0.13245323570650436","0.13018891098082389","0.137360563948689","0.1414213562373095","0.1414213562373095","0.1414213562373095","97","2022-07-21","73","73","73","73","73","73","73","73","4","4","4","4","4","4","2016-02-01",,,
"74",":Employee","0.0","0.0","0.0","0.0","0.0","0.0","0.0","0.0","0.0","0.0","0.0","0.0","0.0","0.0","0.0","0.0","0.0","0.0","0.0","0.0","0.0","0.0","0.0","53.0","0.0","0.0","0.0","0.0","0.0","0.0","0.09449111825230688","0.09449111825230688","2.302849118556591E-14","1.1119367964048973E-12","5.065195173883859E-16","9.148173640730398E-19","1.400677835228125E-13","5.232972504791774E-14","0.1360827634879544","7.37102851225063E-15","4.963145260052937E-15","1.6940723530271484E-14","3.2908770599287566E-14","3.2908770599287566E-14","3.2908770599287566E-14","24","2016-12-29","74","74","74","74","74","74","74","74","4","74","74","74","74","74","2016-04-11",,,
"75",":Employee","0.0","0.0","0.0","0.0","0.0","0.0","0.0","0.0","0.0","0.0","0.0","0.0","0.0","0.0","0.0","0.0","0.0","0.0","0.0","0.0","0.0","0.0","0.0","53.0","56.0","0.0","0.0","0.0","0.0","0.0","0.09449111825230688","0.09449111825230688","2.302849118556591E-14","1.1119367964048973E-12","5.065195173883859E-16","9.148173640730398E-19","1.400677835228125E-13","5.232972504791774E-14","0.1360827634879544","0.13245323570650436","4.963145260052937E-15","1.6940723530271484E-14","3.2908770599287566E-14","3.2908770599287566E-14","3.2908770599287566E-14","15","2017-12-31","75","75","75","75","75","75","75","75","4","4","75","75","75","75","2016-05-09",,,
"76",":Employee","0.0","0.0","0.0","0.0","0.0","0.0","0.0","0.0","0.0","0.0","0.0","0.0","0.0","0.0","0.0","0.0","0.0","0.0","0.0","0.0","0.0","0.0","0.0","53.0","56.0","58.0","52.0","49.0","49.0","49.0","0.09449111825230688","0.09449111825230688","2.302849118556591E-14","1.1119367964048973E-12","5.065195173883859E-16","9.148173640730398E-19","1.400677835228125E-13","5.232972504791774E-14","0.1360827634879544","0.13245323570650436","0.13018891098082389","0.137360563948689","0.1414213562373095","0.1414213562373095","0.1414213562373095","98","2022-07-21","76","76","76","76","76","76","76","76","4","4","4","4","4","4","2016-05-30",,,
"77",":Employee","0.0","0.0","0.0","0.0","0.0","0.0","0.0","0.0","0.0","0.0","0.0","0.0","0.0","0.0","0.0","0.0","0.0","0.0","0.0","0.0","0.0","0.0","0.0","53.0","56.0","58.0","52.0","49.0","49.0","49.0","0.09449111825230688","0.09449111825230688","2.302849118556591E-14","1.1119367964048973E-12","5.065195173883859E-16","9.148173640730398E-19","1.400677835228125E-13","5.232972504791774E-14","0.1360827634879544","0.13245323570650436","0.13018891098082389","0.137360563948689","0.1414213562373095","0.1414213562373095","0.1414213562373095","99","2022-07-21","77","77","77","77","77","77","77","77","4","4","4","4","4","4","2016-06-13",,,
"78",":Employee","0.0","0.0","0.0","0.0","0.0","0.0","0.0","0.0","0.0","0.0","0.0","0.0","0.0","0.0","0.0","0.0","0.0","0.0","0.0","0.0","0.0","0.0","0.0","53.0","56.0","58.0","52.0","49.0","49.0","49.0","0.09449111825230688","0.09449111825230688","2.302849118556591E-14","1.1119367964048973E-12","5.065195173883859E-16","9.148173640730398E-19","1.400677835228125E-13","5.232972504791774E-14","0.1360827634879544","0.13245323570650436","0.13018891098082389","0.137360563948689","0.1414213562373095","0.1414213562373095","0.1414213562373095","100","2022-07-21","78","78","78","78","78","78","78","78","4","4","4","4","4","4","2016-08-08",,,
"79",":Employee","0.0","0.0","0.0","0.0","0.0","0.0","0.0","0.0","0.0","0.0","0.0","0.0","0.0","0.0","0.0","0.0","0.0","0.0","0.0","0.0","0.0","0.0","0.0","53.0","56.0","58.0","0.0","0.0","0.0","0.0","0.09449111825230688","0.09449111825230688","2.302849118556591E-14","1.1119367964048973E-12","5.065195173883859E-16","9.148173640730398E-19","1.400677835228125E-13","5.232972504791774E-14","0.1360827634879544","0.13245323570650436","0.13018891098082389","1.6940723530271484E-14","3.2908770599287566E-14","3.2908770599287566E-14","3.2908770599287566E-14","4","2018-12-31","79","79","79","79","79","79","79","79","4","4","4","79","79","79","2016-11-01",,,
"80",":Employee","0.0","0.0","0.0","0.0","0.0","0.0","0.0","0.0","0.0","0.0","0.0","0.0","0.0","0.0","0.0","0.0","0.0","0.0","0.0","0.0","0.0","0.0","0.0","53.0","56.0","58.0","52.0","49.0","49.0","49.0","0.09449111825230688","0.09449111825230688","2.302849118556591E-14","1.1119367964048973E-12","5.065195173883859E-16","9.148173640730398E-19","1.400677835228125E-13","5.232972504791774E-14","0.1360827634879544","0.13245323570650436","0.13018891098082389","0.137360563948689","0.1414213562373095","0.1414213562373095","0.1414213562373095","101","2022-07-21","80","80","80","80","80","80","80","80","4","4","4","4","4","4","2016-11-01",,,
"81",":Employee","0.0","0.0","0.0","0.0","0.0","0.0","0.0","0.0","0.0","0.0","0.0","0.0","0.0","0.0","0.0","0.0","0.0","0.0","0.0","0.0","0.0","0.0","0.0","53.0","56.0","58.0","0.0","0.0","0.0","0.0","0.09449111825230688","0.09449111825230688","2.302849118556591E-14","1.1119367964048973E-12","5.065195173883859E-16","9.148173640730398E-19","1.400677835228125E-13","5.232972504791774E-14","0.1360827634879544","0.13245323570650436","0.13018891098082389","1.6940723530271484E-14","3.2908770599287566E-14","3.2908770599287566E-14","3.2908770599287566E-14","12","2018-06-30","81","81","81","81","81","81","81","81","4","4","4","81","81","81","2016-11-03",,,
"82",":Employee","0.0","0.0","0.0","0.0","0.0","0.0","0.0","0.0","0.0","0.0","0.0","0.0","0.0","0.0","0.0","0.0","0.0","0.0","0.0","0.0","0.0","0.0","0.0","53.0","56.0","0.0","0.0","0.0","0.0","0.0","0.09449111825230688","0.09449111825230688","2.302849118556591E-14","1.1119367964048973E-12","5.065195173883859E-16","9.148173640730398E-19","1.400677835228125E-13","5.232972504791774E-14","0.1360827634879544","0.13245323570650436","4.963145260052937E-15","1.6940723530271484E-14","3.2908770599287566E-14","3.2908770599287566E-14","3.2908770599287566E-14","23","2017-01-03","82","82","82","82","82","82","82","82","4","4","82","82","82","82","2016-12-01",,,
"83",":Employee","0.0","0.0","0.0","0.0","0.0","0.0","0.0","0.0","0.0","0.0","0.0","0.0","0.0","0.0","0.0","0.0","0.0","0.0","0.0","0.0","0.0","0.0","0.0","0.0","56.0","58.0","0.0","0.0","0.0","0.0","0.09449111825230688","0.09449111825230688","2.302849118556591E-14","1.1119367964048973E-12","5.065195173883859E-16","9.148173640730398E-19","1.400677835228125E-13","5.232972504791774E-14","1.3684232616876188E-14","0.13245323570650436","0.13018891098082389","1.6940723530271484E-14","3.2908770599287566E-14","3.2908770599287566E-14","3.2908770599287566E-14","10","2018-07-08","83","83","83","83","83","83","83","83","83","4","4","83","83","83","2017-01-09",,,
"84",":Employee","0.0","0.0","0.0","0.0","0.0","0.0","0.0","0.0","0.0","0.0","0.0","0.0","0.0","0.0","0.0","0.0","0.0","0.0","0.0","0.0","0.0","0.0","0.0","0.0","56.0","58.0","52.0","49.0","49.0","49.0","0.09449111825230688","0.09449111825230688","2.302849118556591E-14","1.1119367964048973E-12","5.065195173883859E-16","9.148173640730398E-19","1.400677835228125E-13","5.232972504791774E-14","1.3684232616876188E-14","0.13245323570650436","0.13018891098082389","0.137360563948689","0.1414213562373095","0.1414213562373095","0.1414213562373095","102","2022-07-21","84","84","84","84","84","84","84","84","84","4","4","4","4","4","2017-01-09",,,
"85",":Employee","0.0","0.0","0.0","0.0","0.0","0.0","0.0","0.0","0.0","0.0","0.0","0.0","0.0","0.0","0.0","0.0","0.0","0.0","0.0","0.0","0.0","0.0","0.0","0.0","56.0","58.0","52.0","49.0","49.0","49.0","0.09449111825230688","0.09449111825230688","2.302849118556591E-14","1.1119367964048973E-12","5.065195173883859E-16","9.148173640730398E-19","1.400677835228125E-13","5.232972504791774E-14","1.3684232616876188E-14","0.13245323570650436","0.13018891098082389","0.137360563948689","0.1414213562373095","0.1414213562373095","0.1414213562373095","103","2022-07-21","85","85","85","85","85","85","85","85","85","4","4","4","4","4","2017-01-09",,,
"86",":Employee","0.0","0.0","0.0","0.0","0.0","0.0","0.0","0.0","0.0","0.0","0.0","0.0","0.0","0.0","0.0","0.0","0.0","0.0","0.0","0.0","0.0","0.0","0.0","0.0","56.0","0.0","0.0","0.0","0.0","0.0","0.09449111825230688","0.09449111825230688","2.302849118556591E-14","1.1119367964048973E-12","5.065195173883859E-16","9.148173640730398E-19","1.400677835228125E-13","5.232972504791774E-14","1.3684232616876188E-14","0.13245323570650436","4.963145260052937E-15","1.6940723530271484E-14","3.2908770599287566E-14","3.2908770599287566E-14","3.2908770599287566E-14","16","2017-12-08","86","86","86","86","86","86","86","86","86","4","86","86","86","86","2017-01-15",,,
"87",":Employee","0.0","0.0","0.0","0.0","0.0","0.0","0.0","0.0","0.0","0.0","0.0","0.0","0.0","0.0","0.0","0.0","0.0","0.0","0.0","0.0","0.0","0.0","0.0","0.0","56.0","58.0","0.0","0.0","0.0","0.0","0.09449111825230688","0.09449111825230688","2.302849118556591E-14","1.1119367964048973E-12","5.065195173883859E-16","9.148173640730398E-19","1.400677835228125E-13","5.232972504791774E-14","1.3684232616876188E-14","0.13245323570650436","0.13018891098082389","1.6940723530271484E-14","3.2908770599287566E-14","3.2908770599287566E-14","3.2908770599287566E-14","14","2018-02-05","87","87","87","87","87","87","87","87","87","4","4","87","87","87","2017-02-06",,,
"88",":Employee","0.0","0.0","0.0","0.0","0.0","0.0","0.0","0.0","0.0","0.0","0.0","0.0","0.0","0.0","0.0","0.0","0.0","0.0","0.0","0.0","0.0","0.0","0.0","0.0","56.0","0.0","0.0","0.0","0.0","0.0","0.09449111825230688","0.09449111825230688","2.302849118556591E-14","1.1119367964048973E-12","5.065195173883859E-16","9.148173640730398E-19","1.400677835228125E-13","5.232972504791774E-14","1.3684232616876188E-14","0.13245323570650436","4.963145260052937E-15","1.6940723530271484E-14","3.2908770599287566E-14","3.2908770599287566E-14","3.2908770599287566E-14","19","2017-04-28","88","88","88","88","88","88","88","88","88","4","88","88","88","88","2017-02-06",,,
"89",":Employee","0.0","0.0","0.0","0.0","0.0","0.0","0.0","0.0","0.0","0.0","0.0","0.0","0.0","0.0","0.0","0.0","0.0","0.0","0.0","0.0","0.0","0.0","0.0","0.0","56.0","58.0","52.0","49.0","49.0","49.0","0.09449111825230688","0.09449111825230688","2.302849118556591E-14","1.1119367964048973E-12","5.065195173883859E-16","9.148173640730398E-19","1.400677835228125E-13","5.232972504791774E-14","1.3684232616876188E-14","0.13245323570650436","0.13018891098082389","0.137360563948689","0.1414213562373095","0.1414213562373095","0.1414213562373095","104","2022-07-21","89","89","89","89","89","89","89","89","89","4","4","4","4","4","2017-04-03",,,
"90",":Employee","0.0","0.0","0.0","0.0","0.0","0.0","0.0","0.0","0.0","0.0","0.0","0.0","0.0","0.0","0.0","0.0","0.0","0.0","0.0","0.0","0.0","0.0","0.0","0.0","56.0","58.0","52.0","49.0","49.0","49.0","0.09449111825230688","0.09449111825230688","2.302849118556591E-14","1.1119367964048973E-12","5.065195173883859E-16","9.148173640730398E-19","1.400677835228125E-13","5.232972504791774E-14","1.3684232616876188E-14","0.13245323570650436","0.13018891098082389","0.137360563948689","0.1414213562373095","0.1414213562373095","0.1414213562373095","105","2022-07-21","90","90","90","90","90","90","90","90","90","4","4","4","4","4","2017-04-17",,,
"91",":Employee","0.0","0.0","0.0","0.0","0.0","0.0","0.0","0.0","0.0","0.0","0.0","0.0","0.0","0.0","0.0","0.0","0.0","0.0","0.0","0.0","0.0","0.0","0.0","0.0","56.0","58.0","0.0","0.0","0.0","0.0","0.09449111825230688","0.09449111825230688","2.302849118556591E-14","1.1119367964048973E-12","5.065195173883859E-16","9.148173640730398E-19","1.400677835228125E-13","5.232972504791774E-14","1.3684232616876188E-14","0.13245323570650436","0.13018891098082389","1.6940723530271484E-14","3.2908770599287566E-14","3.2908770599287566E-14","3.2908770599287566E-14","9","2018-07-11","91","91","91","91","91","91","91","91","91","4","4","91","91","91","2017-07-01",,,
"92",":Employee","0.0","0.0","0.0","0.0","0.0","0.0","0.0","0.0","0.0","0.0","0.0","0.0","0.0","0.0","0.0","0.0","0.0","0.0","0.0","0.0","0.0","0.0","0.0","0.0","56.0","58.0","52.0","0.0","0.0","0.0","0.09449111825230688","0.09449111825230688","2.302849118556591E-14","1.1119367964048973E-12","5.065195173883859E-16","9.148173640730398E-19","1.400677835228125E-13","5.232972504791774E-14","1.3684232616876188E-14","0.13245323570650436","0.13018891098082389","0.137360563948689","3.2908770599287566E-14","3.2908770599287566E-14","3.2908770599287566E-14","2","2019-02-22","92","92","92","92","92","92","92","92","92","4","4","4","92","92","2017-07-03",,,
"93",":Employee","0.0","0.0","0.0","0.0","0.0","0.0","0.0","0.0","0.0","0.0","0.0","0.0","0.0","0.0","0.0","0.0","0.0","0.0","0.0","0.0","0.0","0.0","0.0","0.0","56.0","58.0","52.0","49.0","49.0","49.0","0.09449111825230688","0.09449111825230688","2.302849118556591E-14","1.1119367964048973E-12","5.065195173883859E-16","9.148173640730398E-19","1.400677835228125E-13","5.232972504791774E-14","1.3684232616876188E-14","0.13245323570650436","0.13018891098082389","0.137360563948689","0.1414213562373095","0.1414213562373095","0.1414213562373095","106","2022-07-21","93","93","93","93","93","93","93","93","93","4","4","4","4","4","2017-07-10",,,
"94",":Employee","0.0","0.0","0.0","0.0","0.0","0.0","0.0","0.0","0.0","0.0","0.0","0.0","0.0","0.0","0.0","0.0","0.0","0.0","0.0","0.0","0.0","0.0","0.0","0.0","56.0","58.0","52.0","49.0","49.0","49.0","0.09449111825230688","0.09449111825230688","2.302849118556591E-14","1.1119367964048973E-12","5.065195173883859E-16","9.148173640730398E-19","1.400677835228125E-13","5.232972504791774E-14","1.3684232616876188E-14","0.13245323570650436","0.13018891098082389","0.137360563948689","0.1414213562373095","0.1414213562373095","0.1414213562373095","107","2022-07-21","94","94","94","94","94","94","94","94","94","4","4","4","4","4","2017-11-06",,,
"95",":Employee","0.0","0.0","0.0","0.0","0.0","0.0","0.0","0.0","0.0","0.0","0.0","0.0","0.0","0.0","0.0","0.0","0.0","0.0","0.0","0.0","0.0","0.0","0.0","0.0","56.0","58.0","52.0","0.0","0.0","0.0","0.09449111825230688","0.09449111825230688","2.302849118556591E-14","1.1119367964048973E-12","5.065195173883859E-16","9.148173640730398E-19","1.400677835228125E-13","5.232972504791774E-14","1.3684232616876188E-14","0.13245323570650436","0.13018891098082389","0.137360563948689","3.2908770599287566E-14","3.2908770599287566E-14","3.2908770599287566E-14","3","2019-02-14","95","95","95","95","95","95","95","95","95","4","4","4","95","95","2017-11-19",,,
"96",":Employee","0.0","0.0","0.0","0.0","0.0","0.0","0.0","0.0","0.0","0.0","0.0","0.0","0.0","0.0","0.0","0.0","0.0","0.0","0.0","0.0","0.0","0.0","0.0","0.0","0.0","58.0","52.0","49.0","49.0","49.0","0.09449111825230688","0.09449111825230688","2.302849118556591E-14","1.1119367964048973E-12","5.065195173883859E-16","9.148173640730398E-19","1.400677835228125E-13","5.232972504791774E-14","1.3684232616876188E-14","7.37102851225063E-15","0.13018891098082389","0.137360563948689","0.1414213562373095","0.1414213562373095","0.1414213562373095","108","2022-07-21","96","96","96","96","96","96","96","96","96","96","4","4","4","4","2018-01-02",,,
"97",":Employee","0.0","0.0","0.0","0.0","0.0","0.0","0.0","0.0","0.0","0.0","0.0","0.0","0.0","0.0","0.0","0.0","0.0","0.0","0.0","0.0","0.0","0.0","0.0","0.0","0.0","58.0","52.0","49.0","49.0","49.0","0.09449111825230688","0.09449111825230688","2.302849118556591E-14","1.1119367964048973E-12","5.065195173883859E-16","9.148173640730398E-19","1.400677835228125E-13","5.232972504791774E-14","1.3684232616876188E-14","7.37102851225063E-15","0.13018891098082389","0.137360563948689","0.1414213562373095","0.1414213562373095","0.1414213562373095","109","2022-07-21","97","97","97","97","97","97","97","97","97","97","4","4","4","4","2018-04-15",,,
"98",":Employee","0.0","0.0","0.0","0.0","0.0","0.0","0.0","0.0","0.0","0.0","0.0","0.0","0.0","0.0","0.0","0.0","0.0","0.0","0.0","0.0","0.0","0.0","0.0","0.0","0.0","58.0","0.0","0.0","0.0","0.0","0.09449111825230688","0.09449111825230688","2.302849118556591E-14","1.1119367964048973E-12","5.065195173883859E-16","9.148173640730398E-19","1.400677835228125E-13","5.232972504791774E-14","1.3684232616876188E-14","7.37102851225063E-15","0.13018891098082389","1.6940723530271484E-14","3.2908770599287566E-14","3.2908770599287566E-14","3.2908770599287566E-14","5","2018-11-02","98","98","98","98","98","98","98","98","98","98","4","98","98","98","2018-07-02",,,
"99",":Employee","0.0","0.0","0.0","0.0","0.0","0.0","0.0","0.0","0.0","0.0","0.0","0.0","0.0","0.0","0.0","0.0","0.0","0.0","0.0","0.0","0.0","0.0","0.0","0.0","0.0","58.0","52.0","49.0","49.0","49.0","0.09449111825230688","0.09449111825230688","2.302849118556591E-14","1.1119367964048973E-12","5.065195173883859E-16","9.148173640730398E-19","1.400677835228125E-13","5.232972504791774E-14","1.3684232616876188E-14","7.37102851225063E-15","0.13018891098082389","0.137360563948689","0.1414213562373095","0.1414213562373095","0.1414213562373095","110","2022-07-21","99","99","99","99","99","99","99","99","99","99","4","4","4","4","2018-07-09",,,
"100",":Employee","0.0","0.0","0.0","0.0","0.0","0.0","0.0","0.0","0.0","0.0","0.0","0.0","0.0","0.0","0.0","0.0","0.0","0.0","0.0","0.0","0.0","0.0","0.0","0.0","0.0","58.0","52.0","49.0","49.0","49.0","0.09449111825230688","0.09449111825230688","2.302849118556591E-14","1.1119367964048973E-12","5.065195173883859E-16","9.148173640730398E-19","1.400677835228125E-13","5.232972504791774E-14","1.3684232616876188E-14","7.37102851225063E-15","0.13018891098082389","0.137360563948689","0.1414213562373095","0.1414213562373095","0.1414213562373095","111","2022-07-21","100","100","100","100","100","100","100","100","100","100","4","4","4","4","2018-07-19",,,
"101",":Employee","0.0","0.0","0.0","0.0","0.0","0.0","0.0","0.0","0.0","0.0","0.0","0.0","0.0","0.0","0.0","0.0","0.0","0.0","0.0","0.0","0.0","0.0","0.0","0.0","0.0","58.0","52.0","49.0","49.0","49.0","0.09449111825230688","0.09449111825230688","2.302849118556591E-14","1.1119367964048973E-12","5.065195173883859E-16","9.148173640730398E-19","1.400677835228125E-13","5.232972504791774E-14","1.3684232616876188E-14","7.37102851225063E-15","0.13018891098082389","0.137360563948689","0.1414213562373095","0.1414213562373095","0.1414213562373095","112","2022-07-21","101","101","101","101","101","101","101","101","101","101","4","4","4","4","2018-09-18",,,
"102",":Employee","0.0","0.0","0.0","0.0","0.0","0.0","0.0","0.0","0.0","0.0","0.0","0.0","0.0","0.0","0.0","0.0","0.0","0.0","0.0","0.0","0.0","0.0","0.0","0.0","0.0","58.0","52.0","49.0","49.0","49.0","0.09449111825230688","0.09449111825230688","2.302849118556591E-14","1.1119367964048973E-12","5.065195173883859E-16","9.148173640730398E-19","1.400677835228125E-13","5.232972504791774E-14","1.3684232616876188E-14","7.37102851225063E-15","0.13018891098082389","0.137360563948689","0.1414213562373095","0.1414213562373095","0.1414213562373095","113","2022-07-21","102","102","102","102","102","102","102","102","102","102","4","4","4","4","2018-10-15",,,
"103",":Employee","0.0","0.0","0.0","0.0","0.0","0.0","0.0","0.0","0.0","0.0","0.0","0.0","0.0","0.0","0.0","0.0","0.0","0.0","0.0","0.0","0.0","0.0","0.0","0.0","0.0","58.0","52.0","49.0","49.0","49.0","0.09449111825230688","0.09449111825230688","2.302849118556591E-14","1.1119367964048973E-12","5.065195173883859E-16","9.148173640730398E-19","1.400677835228125E-13","5.232972504791774E-14","1.3684232616876188E-14","7.37102851225063E-15","0.13018891098082389","0.137360563948689","0.1414213562373095","0.1414213562373095","0.1414213562373095","114","2022-07-21","103","103","103","103","103","103","103","103","103","103","4","4","4","4","2018-10-22",,,
"104",":Employee","0.0","0.0","0.0","0.0","0.0","0.0","0.0","0.0","0.0","0.0","0.0","0.0","0.0","0.0","0.0","0.0","0.0","0.0","0.0","0.0","0.0","0.0","0.0","0.0","0.0","58.0","52.0","49.0","49.0","49.0","0.09449111825230688","0.09449111825230688","2.302849118556591E-14","1.1119367964048973E-12","5.065195173883859E-16","9.148173640730398E-19","1.400677835228125E-13","5.232972504791774E-14","1.3684232616876188E-14","7.37102851225063E-15","0.13018891098082389","0.137360563948689","0.1414213562373095","0.1414213562373095","0.1414213562373095","115","2022-07-21","104","104","104","104","104","104","104","104","104","104","4","4","4","4","2018-10-29",,,
"105",":Employee","0.0","0.0","0.0","0.0","0.0","0.0","0.0","0.0","0.0","0.0","0.0","0.0","0.0","0.0","0.0","0.0","0.0","0.0","0.0","0.0","0.0","0.0","0.0","0.0","0.0","58.0","52.0","49.0","49.0","49.0","0.09449111825230688","0.09449111825230688","2.302849118556591E-14","1.1119367964048973E-12","5.065195173883859E-16","9.148173640730398E-19","1.400677835228125E-13","5.232972504791774E-14","1.3684232616876188E-14","7.37102851225063E-15","0.13018891098082389","0.137360563948689","0.1414213562373095","0.1414213562373095","0.1414213562373095","116","2022-07-21","105","105","105","105","105","105","105","105","105","105","4","4","4","4","2018-11-01",,,
"106",":Employee","0.0","0.0","0.0","0.0","0.0","0.0","0.0","0.0","0.0","0.0","0.0","0.0","0.0","0.0","0.0","0.0","0.0","0.0","0.0","0.0","0.0","0.0","0.0","0.0","0.0","58.0","52.0","49.0","49.0","49.0","0.09449111825230688","0.09449111825230688","2.302849118556591E-14","1.1119367964048973E-12","5.065195173883859E-16","9.148173640730398E-19","1.400677835228125E-13","5.232972504791774E-14","1.3684232616876188E-14","7.37102851225063E-15","0.13018891098082389","0.137360563948689","0.1414213562373095","0.1414213562373095","0.1414213562373095","117","2022-07-21","106","106","106","106","106","106","106","106","106","106","4","4","4","4","2018-11-05",,,
"107",":Employee","0.0","0.0","0.0","0.0","0.0","0.0","0.0","0.0","0.0","0.0","0.0","0.0","0.0","0.0","0.0","0.0","0.0","0.0","0.0","0.0","0.0","0.0","0.0","0.0","0.0","0.0","52.0","49.0","49.0","49.0","0.09449111825230688","0.09449111825230688","2.302849118556591E-14","1.1119367964048973E-12","5.065195173883859E-16","9.148173640730398E-19","1.400677835228125E-13","5.232972504791774E-14","1.3684232616876188E-14","7.37102851225063E-15","4.963145260052937E-15","0.137360563948689","0.1414213562373095","0.1414213562373095","0.1414213562373095","118","2022-07-21","107","107","107","107","107","107","107","107","107","107","107","4","4","4","2019-01-05",,,
"108",":Employee","0.0","0.0","0.0","0.0","0.0","0.0","0.0","0.0","0.0","0.0","0.0","0.0","0.0","0.0","0.0","0.0","0.0","0.0","0.0","0.0","0.0","0.0","0.0","0.0","0.0","0.0","52.0","49.0","49.0","49.0","0.09449111825230688","0.09449111825230688","2.302849118556591E-14","1.1119367964048973E-12","5.065195173883859E-16","9.148173640730398E-19","1.400677835228125E-13","5.232972504791774E-14","1.3684232616876188E-14","7.37102851225063E-15","4.963145260052937E-15","0.137360563948689","0.1414213562373095","0.1414213562373095","0.1414213562373095","119","2022-07-21","108","108","108","108","108","108","108","108","108","108","108","4","4","4","2019-01-11",,,
"109",":Employee","0.0","0.0","0.0","0.0","0.0","0.0","0.0","0.0","0.0","0.0","0.0","0.0","0.0","0.0","0.0","0.0","0.0","0.0","0.0","0.0","0.0","0.0","0.0","0.0","0.0","0.0","52.0","49.0","49.0","49.0","0.09449111825230688","0.09449111825230688","2.302849118556591E-14","1.1119367964048973E-12","5.065195173883859E-16","9.148173640730398E-19","1.400677835228125E-13","5.232972504791774E-14","1.3684232616876188E-14","7.37102851225063E-15","4.963145260052937E-15","0.137360563948689","0.1414213562373095","0.1414213562373095","0.1414213562373095","120","2022-07-21","109","109","109","109","109","109","109","109","109","109","109","4","4","4","2019-02-11",,,
"110",":Employee","0.0","0.0","0.0","0.0","0.0","0.0","0.0","0.0","0.0","0.0","0.0","0.0","0.0","0.0","0.0","0.0","0.0","0.0","0.0","0.0","0.0","0.0","0.0","0.0","0.0","0.0","52.0","49.0","49.0","49.0","0.09449111825230688","0.09449111825230688","2.302849118556591E-14","1.1119367964048973E-12","5.065195173883859E-16","9.148173640730398E-19","1.400677835228125E-13","5.232972504791774E-14","1.3684232616876188E-14","7.37102851225063E-15","4.963145260052937E-15","0.137360563948689","0.1414213562373095","0.1414213562373095","0.1414213562373095","121","2022-07-21","110","110","110","110","110","110","110","110","110","110","110","4","4","4","2019-02-11",,,
"111",":Employee","0.0","0.0","0.0","0.0","0.0","0.0","0.0","0.0","0.0","0.0","0.0","0.0","0.0","0.0","0.0","0.0","0.0","0.0","0.0","0.0","0.0","0.0","0.0","0.0","0.0","0.0","52.0","49.0","49.0","49.0","0.09449111825230688","0.09449111825230688","2.302849118556591E-14","1.1119367964048973E-12","5.065195173883859E-16","9.148173640730398E-19","1.400677835228125E-13","5.232972504791774E-14","1.3684232616876188E-14","7.37102851225063E-15","4.963145260052937E-15","0.137360563948689","0.1414213562373095","0.1414213562373095","0.1414213562373095","122","2022-07-21","111","111","111","111","111","111","111","111","111","111","111","4","4","4","2019-03-04",,,
